Category,Average of Rental Duration
Animation,4.893939394
Children,5.033333333
Classics,5.070175439
Comedy,4.931034483
Family,5.173913043
Music,5.235294118
